{"Dapid": {"2": {"recall": 0.510657485560197, "precision": 0.30490069434309525, "f1_high": 0.21017510669161255, "f1_score": 0.21016645616470728}, "3": {"recall": "auto-scoring failed", "precision": "auto-scoring failed", "f1_score": "auto-scoring failed"}}, "MartinHjelmare": {"test": {"recall": 0.2333333333333333, "precision": 0.3, "f1_high": 0.65, "f1_score": 0.26}}}
