{"MartinHjelmare": {"4": {"recall": 0.7146092512625795, "precision": 0.9505816149255987, "f1_high": 0.7750659190981487, "f1_score": 0.7750659190981486}, "test": {"recall": 0.5833333333333333, "precision": 0.75, "f1_high": 0.65, "f1_score": 0.65}}}
