{"MartinHjelmare": {"test": {"f1_score_old": 0.65, "precision": 0.75, "precision_old": 0.75, "recall_old": 0.5833333333333333, "recall": 0.5833333333333333, "f1_score": 0.65}}}