{"kaisli": {"2": {"f1_score": 0.507064023265708, "precision": 0.4496063538831199, "recall": 0.6834805224023263, "f1_high": 0.507064023265708}}, "jdkangas": {"2": {"f1_score": 0.18888011500806653, "precision": 0.477337974595742, "recall": 0.19646388419217173, "f1_high": 0.3672987786747545}, "3": {"f1_score": 0.12875553964451517, "precision": 0.18447678514586374, "recall": 0.24221091476841386, "f1_high": 0.12875553964451517}}, "pqiu": {"2": {"f1_score": 0.4791737026161018, "precision": 0.5627958611462607, "recall": 0.4462836183900842, "f1_high": 0.4791737026161018}, "3": {"f1_score": 0.3425040906338666, "precision": 0.37164568202945697, "recall": 0.4509947332702841, "f1_high": 0.3425040906338666}}, "Dapid": {"2": {"f1_score": 0.21016645616470728, "precision": 0.30490069434309525, "recall": 0.5106574855601971, "f1_high": 0.21017510669161255}, "3": {"f1_score": "auto-scoring failed", "precision": "auto-scoring failed", "recall": "auto-scoring failed"}}, "MartinHjelmare": {"test": {"f1_score": 0.26, "precision": 0.3, "recall": 0.2333333333333333, "f1_high": 0.65}}}
