{"MartinHjelmare": {"test": {"precision": 0.3, "f1_score": 0.26, "f1_high": 0.65, "recall": 0.2333333333333333}}, "Dapid": {"2": {"precision": 0.30490069434309525, "f1_score": 0.21016645616470722, "f1_high": 0.21017510669161255, "recall": 0.510657485560197}, "3": {"precision": "auto-scoring failed", "f1_score": "auto-scoring failed", "recall": "auto-scoring failed"}}}
