{"MartinHjelmare": {"test": {"recall": 0.2333333333333333, "f1_score": 0.26, "f1_high": 0.65, "precision": 0.3}}, "Dapid": {"3": {"recall": "auto-scoring failed", "f1_score": "auto-scoring failed", "precision": "auto-scoring failed"}, "2": {"recall": 0.510657485560197, "f1_score": 0.21016645616470722, "f1_high": 0.21017510669161255, "precision": 0.3049006943430953}}}
