{"Dapid": {"2": {"f1_high": 0.21017510669161255, "recall": 0.510657485560197, "f1_score": 0.21016645616470722, "precision": 0.30490069434309525}, "3": {"recall": "auto-scoring failed", "f1_score": "auto-scoring failed", "precision": "auto-scoring failed"}}, "MartinHjelmare": {"test": {"f1_high": 0.65, "recall": 0.2333333333333333, "f1_score": 0.26, "precision": 0.3}}}
